{
    "Version": "2012-10-17",
    "Statement": [
        {
            "Effect": "Allow",
            "Action": [
                "lambda:InvokeFunction"
            ],
            "Resource": [
                "arn:aws:lambda:us-east-1:753451452012:function:PSGNewscast-lastresults-score:*",
                "arn:aws:lambda:us-east-1:753451452012:function:PSGNewscast-nextgame:*",
                "arn:aws:lambda:us-east-1:753451452012:function:PSGNewscast-leaderboard:*",
                "arn:aws:lambda:us-east-1:753451452012:function:PSGNewscast-livetweet:*"
            ]
        },
        {
            "Effect": "Allow",
            "Action": [
                "lambda:InvokeFunction"
            ],
            "Resource": [
                "arn:aws:lambda:us-east-1:753451452012:function:PSGNewscast-lastresults-score",
                "arn:aws:lambda:us-east-1:753451452012:function:PSGNewscast-nextgame",
                "arn:aws:lambda:us-east-1:753451452012:function:PSGNewscast-leaderboard",
                "arn:aws:lambda:us-east-1:753451452012:function:PSGNewscast-livetweet"
            ]
        }
    ]
}