{
    "interactionModel": {
        "languageModel": {
            "invocationName": "psg newscast",
            "modelConfiguration": {
                "fallbackIntentSensitivity": {
                    "level": "LOW"
                }
            },
            "intents": [
                {
                    "name": "AMAZON.CancelIntent",
                    "samples": []
                },
                {
                    "name": "AMAZON.HelpIntent",
                    "samples": []
                },
                {
                    "name": "AMAZON.StopIntent",
                    "samples": []
                },
                {
                    "name": "HelloWorldIntent",
                    "slots": [],
                    "samples": []
                },
                {
                    "name": "AMAZON.NavigateHomeIntent",
                    "samples": []
                },
                {
                    "name": "AMAZON.FallbackIntent",
                    "samples": []
                },
                {
                    "name": "temperature",
                    "slots": [],
                    "samples": [
                        "temperature inside",
                        "What is the temperature inside"
                    ]
                },
                {
                    "name": "LastResultsIntent",
                    "slots": [],
                    "samples": [
                        "last results"
                    ]
                },
                {
                    "name": "NextGameIntent",
                    "slots": [],
                    "samples": [
                        "Next game"
                    ]
                },
                {
                    "name": "WelcomeIntent",
                    "slots": [],
                    "samples": [
                        "open psg newscast"
                    ]
                },
                {
                    "name": "StandingsIntent",
                    "slots": [],
                    "samples": [
                        "leaderboard",
                        "position in leaderboard"
                    ]
                }
            ],
            "types": []
        }
    }
}